-- NexaLab LIS - optional demo data
-- Apply after 0001_init.sql. Password: Demo1234!

INSERT INTO organizations (id, name, slug, plan_code)
VALUES ('00000000-0000-0000-0000-000000000001', 'NexaLab Demo', 'nexalab-demo', 'STARTER')
ON CONFLICT (id) DO NOTHING;

INSERT INTO laboratories (id, organization_id, name, code, email)
VALUES ('00000000-0000-0000-0000-000000000011', '00000000-0000-0000-0000-000000000001', 'Laboratorio Central', 'LC', 'lab@nexalab.local')
ON CONFLICT (id) DO NOTHING;

INSERT INTO users (id, full_name, email, password_hash)
VALUES ('00000000-0000-0000-0000-000000000101', 'José Admin', 'admin@nexalab.local', crypt('Demo1234!', gen_salt('bf', 12)))
ON CONFLICT (id) DO NOTHING;

INSERT INTO memberships (organization_id, laboratory_id, user_id, role)
VALUES ('00000000-0000-0000-0000-000000000001', '00000000-0000-0000-0000-000000000011', '00000000-0000-0000-0000-000000000101', 'LAB_ADMIN')
ON CONFLICT (laboratory_id, user_id) DO NOTHING;

INSERT INTO departments (id, laboratory_id, code, name) VALUES
  ('00000000-0000-0000-0000-000000000201', '00000000-0000-0000-0000-000000000011', 'HEM', 'Hematología'),
  ('00000000-0000-0000-0000-000000000202', '00000000-0000-0000-0000-000000000011', 'QUI', 'Química'),
  ('00000000-0000-0000-0000-000000000203', '00000000-0000-0000-0000-000000000011', 'MOL', 'Biología molecular')
ON CONFLICT (laboratory_id, code) DO NOTHING;

INSERT INTO specimen_types (id, laboratory_id, code, name) VALUES
  ('00000000-0000-0000-0000-000000000301', '00000000-0000-0000-0000-000000000011', 'BLD-EDTA', 'Sangre total EDTA'),
  ('00000000-0000-0000-0000-000000000302', '00000000-0000-0000-0000-000000000011', 'SER', 'Suero'),
  ('00000000-0000-0000-0000-000000000303', '00000000-0000-0000-0000-000000000011', 'SWAB', 'Hisopado')
ON CONFLICT (laboratory_id, code) DO NOTHING;

INSERT INTO test_catalog (id, laboratory_id, department_id, code, name, loinc_code, specimen_type_id, turnaround_minutes, unit) VALUES
  ('00000000-0000-0000-0000-000000000401', '00000000-0000-0000-0000-000000000011', '00000000-0000-0000-0000-000000000201', 'HEM-001', 'Hemograma completo', '57021-8', '00000000-0000-0000-0000-000000000301', 120, NULL),
  ('00000000-0000-0000-0000-000000000402', '00000000-0000-0000-0000-000000000011', '00000000-0000-0000-0000-000000000202', 'QUI-014', 'Perfil hepático', '24325-3', '00000000-0000-0000-0000-000000000302', 240, NULL),
  ('00000000-0000-0000-0000-000000000403', '00000000-0000-0000-0000-000000000011', '00000000-0000-0000-0000-000000000203', 'MOL-009', 'Panel respiratorio', '92142-9', '00000000-0000-0000-0000-000000000303', 480, NULL)
ON CONFLICT (laboratory_id, code) DO NOTHING;

INSERT INTO patients (id, laboratory_id, patient_number, full_name, document_type, document_number, date_of_birth, sex, created_by) VALUES
  ('00000000-0000-0000-0000-000000000501', '00000000-0000-0000-0000-000000000011', 'PAC-000842', 'María López', 'CUI', '00001842', '1994-08-14', 'F', '00000000-0000-0000-0000-000000000101'),
  ('00000000-0000-0000-0000-000000000502', '00000000-0000-0000-0000-000000000011', 'PAC-000841', 'Carlos Ramírez', 'CUI', '00006671', '1987-12-03', 'M', '00000000-0000-0000-0000-000000000101')
ON CONFLICT (laboratory_id, patient_number) DO NOTHING;

INSERT INTO providers (id, laboratory_id, provider_number, full_name, provider_type, institution_name, preferred_delivery_channel) VALUES
  ('00000000-0000-0000-0000-000000000601', '00000000-0000-0000-0000-000000000011', 'MED-0182', 'Dra. Lucía Santos', 'PHYSICIAN', 'Hospital Universitario', 'SECURE_PORTAL')
ON CONFLICT (laboratory_id, provider_number) DO NOTHING;

INSERT INTO orders (id, laboratory_id, order_number, patient_id, provider_id, priority, status, created_by) VALUES
  ('00000000-0000-0000-0000-000000000701', '00000000-0000-0000-0000-000000000011', 'ORD-260603-0488', '00000000-0000-0000-0000-000000000502', '00000000-0000-0000-0000-000000000601', 'URGENT', 'IN_PROGRESS', '00000000-0000-0000-0000-000000000101')
ON CONFLICT (laboratory_id, order_number) DO NOTHING;

INSERT INTO specimens (id, laboratory_id, accession_number, order_id, patient_id, specimen_type_id, barcode, priority, status, created_by) VALUES
  ('00000000-0000-0000-0000-000000000801', '00000000-0000-0000-0000-000000000011', 'GT-260603-0183', '00000000-0000-0000-0000-000000000701', '00000000-0000-0000-0000-000000000502', '00000000-0000-0000-0000-000000000302', 'BAR-GT-260603-0183', 'URGENT', 'PENDING_VALIDATION', '00000000-0000-0000-0000-000000000101')
ON CONFLICT (laboratory_id, accession_number) DO NOTHING;

INSERT INTO inventory_categories (id, laboratory_id, code, name) VALUES
  ('00000000-0000-0000-0000-000000000901', '00000000-0000-0000-0000-000000000011', 'REA', 'Reactivos'),
  ('00000000-0000-0000-0000-000000000902', '00000000-0000-0000-0000-000000000011', 'CON', 'Consumibles')
ON CONFLICT (laboratory_id, code) DO NOTHING;

INSERT INTO storage_locations (id, laboratory_id, code, name, location_type) VALUES
  ('00000000-0000-0000-0000-000000001001', '00000000-0000-0000-0000-000000000011', 'FRIO-A-N2', 'Frío A · Nivel 2', 'REFRIGERATOR'),
  ('00000000-0000-0000-0000-000000001002', '00000000-0000-0000-0000-000000000011', 'ALM-E4', 'Almacén · Estante 4', 'SHELF')
ON CONFLICT (laboratory_id, code) DO NOTHING;

INSERT INTO inventory_items (id, laboratory_id, category_id, storage_location_id, sku, name, lot_number, quantity, reorder_point, unit, expires_at, created_by) VALUES
  ('00000000-0000-0000-0000-000000001101', '00000000-0000-0000-0000-000000000011', '00000000-0000-0000-0000-000000000901', '00000000-0000-0000-0000-000000001001', 'REA-HEM-029', 'Control hematológico nivel 2', 'HC-24091', 2, 6, 'unidades', '2026-07-19', '00000000-0000-0000-0000-000000000101'),
  ('00000000-0000-0000-0000-000000001102', '00000000-0000-0000-0000-000000000011', '00000000-0000-0000-0000-000000000902', '00000000-0000-0000-0000-000000001002', 'CON-GEN-011', 'Tubos EDTA 4 ml', 'ED-26012', 186, 100, 'unidades', '2028-02-12', '00000000-0000-0000-0000-000000000101')
ON CONFLICT (laboratory_id, sku, lot_number) DO NOTHING;

INSERT INTO equipment (id, laboratory_id, department_id, code, name, manufacturer, model, status, last_calibration_at, next_maintenance_at, interface_standard) VALUES
  ('00000000-0000-0000-0000-000000001201', '00000000-0000-0000-0000-000000000011', '00000000-0000-0000-0000-000000000201', 'EQ-HEM-004', 'Sysmex XN-550', 'Sysmex', 'XN-550', 'OPERATIONAL', '2026-05-28', '2026-06-14', 'ASTM'),
  ('00000000-0000-0000-0000-000000001202', '00000000-0000-0000-0000-000000000011', '00000000-0000-0000-0000-000000000202', 'EQ-QUI-002', 'Cobas c311', 'Roche', 'Cobas c311', 'MAINTENANCE_DUE', '2026-05-22', '2026-06-04', 'ASTM')
ON CONFLICT (laboratory_id, code) DO NOTHING;
